B006F8JEPI,Blueprint for Sucsess,,https://www.amazon.com/Blueprint-Sucsess-Millard-Bennet-Corrigan/dp/B006F8JEPI/ref=sr_1_1?keywords=sucsess&qid=1671546700&rnid=2941120011&s=grocery&sr=1-1
0306924633,"The Compound Effect (10th Anniversary Edition): Jumpstart Your Income, Your Life, Your Success",,https://www.amazon.com/Compound-Effect-Jumpstart-Income-Success/dp/0306924633/ref=sr_1_2?keywords=sucsess&qid=1671546700&rnid=2941120011&s=grocery&sr=1-2
B0BK5KG4J1,Sex Chodo Sucsess Ke Pichhe Bhago (Bhojpuri),,https://www.amazon.com/dp/B0BK5KG4J1/ref=sr_1_3?keywords=sucsess&marketplaceId=ATVPDKIKX0DER&musicTerritory=US&qid=1671546700&rnid=2941120011&s=grocery&sr=1-3&trackAsin=B0BK5KG4J1
B079S5P8V7,NURSING COMPETITION SUCSESS,16.19,https://www.amazon.com/NURSING-COMPETITION-SUCSESS-MISHRA-ISHAGUPTA-ebook/dp/B079S5P8V7/ref=sr_1_4?keywords=sucsess&qid=1671546700&rnid=2941120011&s=grocery&sr=1-4
B0BK5M12VK,Sex Chodo Sucsess Ke Pichhe Bhago (Bhojpuri),,https://www.amazon.com/dp/B0BK5M12VK/ref=sr_1_5?keywords=sucsess&qid=1671546700&rnid=2941120011&s=grocery&sr=1-5
B00TPL8DEA,American Girl: Grace Stirs Up Success [Blu-ray],,https://www.amazon.com/American-Girl-Grace-Success-Blu-ray/dp/B00TPL8DEA/ref=sr_1_6?keywords=sucsess&qid=1671546700&rnid=2941120011&s=grocery&sr=1-6
B09HFBTBTF,Sucsess,,https://www.amazon.com/dp/B09HFBTBTF/ref=sr_1_7?keywords=sucsess&marketplaceId=ATVPDKIKX0DER&musicTerritory=US&qid=1671546700&rnid=2941120011&s=grocery&sr=1-7&trackAsin=B09HFBTBTF
B082MT3MPM,RIGHT FINANCIAL MINDSET FOR SUSTAINABLE SUCSESS AND WEALTH: GET RICH WITH FRUGALISM LIFESTYLE AND SAVING MONEY,0.00,https://www.amazon.com/FINANCIAL-MINDSET-SUSTAINABLE-SUCSESS-WEALTH-ebook/dp/B082MT3MPM/ref=sr_1_8?keywords=sucsess&qid=1671546700&rnid=2941120011&s=grocery&sr=1-8
B0BCP819GK,SUCSESS [Explicit],,https://www.amazon.com/dp/B0BCP819GK/ref=sr_1_9?keywords=sucsess&marketplaceId=ATVPDKIKX0DER&musicTerritory=US&qid=1671546700&rnid=2941120011&s=grocery&sr=1-9&trackAsin=B0BCP819GK
B00OH75MIM,The Psychology of Success: Ten Universal Principles for Personal Empowerment,0.00,https://www.amazon.com/The-Psychology-of-Success-audiobook/dp/B00OH75MIM/ref=sr_1_10?keywords=sucsess&qid=1671546700&rnid=2941120011&s=grocery&sr=1-10
B0040UJNRM,Health and Strength Foundation Stones of Sucsess volume IV,,https://www.amazon.com/Health-Strength-Foundation-Stones-Sucsess/dp/B0040UJNRM/ref=sr_1_11?keywords=sucsess&qid=1671546700&rnid=2941120011&s=grocery&sr=1-11
B074Q8TW68,LRG Men's Rc Tt Denim Jean,,https://www.amazon.com/LRG-Mens-Denim-Jean-Black/dp/B074Q8TW68/ref=sr_1_12?keywords=sucsess&qid=1671546700&rnid=2941120011&s=grocery&sr=1-12
B01FJIS00Y,"MCS Trendsetter Poster Frame, Black, 20 x 24 in, Single",,https://www.amazon.com/MCS-Trendsetter-20x24-Poster-65679/dp/B01FJIS00Y/ref=sr_1_13?keywords=sucsess&qid=1671546700&rnid=2941120011&s=grocery&sr=1-13
B07RS57FZ5,Brincando (feat. Sucsess 360),,https://www.amazon.com/dp/B07RS57FZ5/ref=sr_1_14?keywords=sucsess&marketplaceId=ATVPDKIKX0DER&musicTerritory=US&qid=1671546700&rnid=2941120011&s=grocery&sr=1-14&trackAsin=B07RS57FZ5
B07S3WN62L,Way of failure from 02 success: find the way of failure from 02 sucsess,0.00,https://www.amazon.com/Way-failure-02-success-sucsess-ebook/dp/B07S3WN62L/ref=sr_1_15?keywords=sucsess&qid=1671546700&rnid=2941120011&s=grocery&sr=1-15
B014J55JS4,The Secret Of My Success [Blu-ray],,https://www.amazon.com/Secret-My-Success-Blu-ray/dp/B014J55JS4/ref=sr_1_16?keywords=sucsess&qid=1671546700&rnid=2941120011&s=grocery&sr=1-16
B09P6P7HRM,Key 2 Sucsess,,https://www.amazon.com/dp/B09P6P7HRM/ref=sr_1_17?keywords=sucsess&marketplaceId=ATVPDKIKX0DER&musicTerritory=US&qid=1671546700&rnid=2941120011&s=grocery&sr=1-17&trackAsin=B09P6P7HRM
B09RH2QJ3D,Product Success,0.00,https://www.amazon.com/Product-Success-K-R-ebook/dp/B09RH2QJ3D/ref=sr_1_18?keywords=sucsess&qid=1671546700&rnid=2941120011&s=grocery&sr=1-18
B07YJ66Q5T,"10 STEPS TO HAPPINESS, HEALTH AND SUCCESS: A Practical Guide to Personal Fulfillment And Optimum Well-being",0.00,https://www.amazon.com/STEPS-HAPPINESS-HEALTH-SUCCESS-Fulfillment-ebook/dp/B07YJ66Q5T/ref=sr_1_19?keywords=sucsess&qid=1671546700&rnid=2941120011&s=grocery&sr=1-19
1481887858,The Gift of Harmony: From Stress and Conflict to Harmony and Inner Peace - A New Approach,32.09,https://www.amazon.com/Gift-Harmony-Stress-Conflict-Approach/dp/1481887858/ref=sr_1_20?keywords=sucsess&qid=1671546700&rnid=2941120011&s=grocery&sr=1-20
B09SBZC5VM,The Secrets of Life: Do not allow yourself to be seduced,0.00,https://www.amazon.com/Secrets-Life-allow-yourself-seduced-ebook/dp/B09SBZC5VM/ref=sr_1_21?keywords=sucsess&qid=1671546700&rnid=2941120011&s=grocery&sr=1-21
B00SFNIYLG,The big secrets of kabbalah & Money (The secrets Book 1),0.00,https://www.amazon.com/big-secrets-kabbalah-Money-Book-ebook/dp/B00SFNIYLG/ref=sr_1_22?keywords=sucsess&qid=1671546700&rnid=2941120011&s=grocery&sr=1-22
1977253598,Child of War: A Memoir of World War Two and the Cold War,29.58,https://www.amazon.com/Child-War-Memoir-World-Cold/dp/1977253598/ref=sr_1_23?keywords=sucsess&qid=1671546700&rnid=2941120011&s=grocery&sr=1-23
1735402001,30 Day Leadership Playbook: Your Guide To Becoming The Leader You Have Always Wanted To Be,,https://www.amazon.com/30-Day-Leadership-Playbook-Becoming/dp/1735402001/ref=sr_1_24?keywords=sucsess&qid=1671546700&rnid=2941120011&s=grocery&sr=1-24
B006F8JEPI,Blueprint for Sucsess,,https://www.amazon.com/Blueprint-Sucsess-Millard-Bennet-Corrigan/dp/B006F8JEPI/ref=sr_1_1?keywords=sucsess&qid=1671546982&rnid=2941120011&s=grocery&sr=1-1
0306924633,"The Compound Effect (10th Anniversary Edition): Jumpstart Your Income, Your Life, Your Success",,https://www.amazon.com/Compound-Effect-Jumpstart-Income-Success/dp/0306924633/ref=sr_1_2?keywords=sucsess&qid=1671546982&rnid=2941120011&s=grocery&sr=1-2
B0BK5KG4J1,Sex Chodo Sucsess Ke Pichhe Bhago (Bhojpuri),,https://www.amazon.com/dp/B0BK5KG4J1/ref=sr_1_3?keywords=sucsess&marketplaceId=ATVPDKIKX0DER&musicTerritory=US&qid=1671546982&rnid=2941120011&s=grocery&sr=1-3&trackAsin=B0BK5KG4J1
B079S5P8V7,NURSING COMPETITION SUCSESS,16.19,https://www.amazon.com/NURSING-COMPETITION-SUCSESS-MISHRA-ISHAGUPTA-ebook/dp/B079S5P8V7/ref=sr_1_4?keywords=sucsess&qid=1671546982&rnid=2941120011&s=grocery&sr=1-4
B0BK5M12VK,Sex Chodo Sucsess Ke Pichhe Bhago (Bhojpuri),,https://www.amazon.com/dp/B0BK5M12VK/ref=sr_1_5?keywords=sucsess&qid=1671546982&rnid=2941120011&s=grocery&sr=1-5
B00TPL8DEA,American Girl: Grace Stirs Up Success [Blu-ray],,https://www.amazon.com/American-Girl-Grace-Success-Blu-ray/dp/B00TPL8DEA/ref=sr_1_6?keywords=sucsess&qid=1671546982&rnid=2941120011&s=grocery&sr=1-6
B09HFBTBTF,Sucsess,,https://www.amazon.com/dp/B09HFBTBTF/ref=sr_1_7?keywords=sucsess&marketplaceId=ATVPDKIKX0DER&musicTerritory=US&qid=1671546982&rnid=2941120011&s=grocery&sr=1-7&trackAsin=B09HFBTBTF
B082MT3MPM,RIGHT FINANCIAL MINDSET FOR SUSTAINABLE SUCSESS AND WEALTH: GET RICH WITH FRUGALISM LIFESTYLE AND SAVING MONEY,0.00,https://www.amazon.com/FINANCIAL-MINDSET-SUSTAINABLE-SUCSESS-WEALTH-ebook/dp/B082MT3MPM/ref=sr_1_8?keywords=sucsess&qid=1671546982&rnid=2941120011&s=grocery&sr=1-8
B00OH75MIM,The Psychology of Success: Ten Universal Principles for Personal Empowerment,0.00,https://www.amazon.com/The-Psychology-of-Success-audiobook/dp/B00OH75MIM/ref=sr_1_9?keywords=sucsess&qid=1671546982&rnid=2941120011&s=grocery&sr=1-9
B0BCP819GK,SUCSESS [Explicit],,https://www.amazon.com/dp/B0BCP819GK/ref=sr_1_10?keywords=sucsess&marketplaceId=ATVPDKIKX0DER&musicTerritory=US&qid=1671546982&rnid=2941120011&s=grocery&sr=1-10&trackAsin=B0BCP819GK
B0040UJNRM,Health and Strength Foundation Stones of Sucsess volume IV,,https://www.amazon.com/Health-Strength-Foundation-Stones-Sucsess/dp/B0040UJNRM/ref=sr_1_11?keywords=sucsess&qid=1671546982&rnid=2941120011&s=grocery&sr=1-11
B074Q8TW68,LRG Men's Rc Tt Denim Jean,,https://www.amazon.com/LRG-Mens-Denim-Jean-Black/dp/B074Q8TW68/ref=sr_1_12?keywords=sucsess&qid=1671546982&rnid=2941120011&s=grocery&sr=1-12
B01FJIS00Y,"MCS Trendsetter Poster Frame, Black, 20 x 24 in, Single",,https://www.amazon.com/MCS-Trendsetter-20x24-Poster-65679/dp/B01FJIS00Y/ref=sr_1_13?keywords=sucsess&qid=1671546982&rnid=2941120011&s=grocery&sr=1-13
B07S3WN62L,Way of failure from 02 success: find the way of failure from 02 sucsess,0.00,https://www.amazon.com/Way-failure-02-success-sucsess-ebook/dp/B07S3WN62L/ref=sr_1_14?keywords=sucsess&qid=1671546982&rnid=2941120011&s=grocery&sr=1-14
B07RS57FZ5,Brincando (feat. Sucsess 360),,https://www.amazon.com/dp/B07RS57FZ5/ref=sr_1_15?keywords=sucsess&marketplaceId=ATVPDKIKX0DER&musicTerritory=US&qid=1671546982&rnid=2941120011&s=grocery&sr=1-15&trackAsin=B07RS57FZ5
B014J55JS4,The Secret Of My Success [Blu-ray],,https://www.amazon.com/Secret-My-Success-Blu-ray/dp/B014J55JS4/ref=sr_1_16?keywords=sucsess&qid=1671546982&rnid=2941120011&s=grocery&sr=1-16
B09P6P7HRM,Key 2 Sucsess,,https://www.amazon.com/dp/B09P6P7HRM/ref=sr_1_17?keywords=sucsess&marketplaceId=ATVPDKIKX0DER&musicTerritory=US&qid=1671546982&rnid=2941120011&s=grocery&sr=1-17&trackAsin=B09P6P7HRM
B09RH2QJ3D,Product Success,0.00,https://www.amazon.com/Product-Success-K-R-ebook/dp/B09RH2QJ3D/ref=sr_1_18?keywords=sucsess&qid=1671546982&rnid=2941120011&s=grocery&sr=1-18
B07YJ66Q5T,"10 STEPS TO HAPPINESS, HEALTH AND SUCCESS: A Practical Guide to Personal Fulfillment And Optimum Well-being",0.00,https://www.amazon.com/STEPS-HAPPINESS-HEALTH-SUCCESS-Fulfillment-ebook/dp/B07YJ66Q5T/ref=sr_1_19?keywords=sucsess&qid=1671546982&rnid=2941120011&s=grocery&sr=1-19
1481887858,The Gift of Harmony: From Stress and Conflict to Harmony and Inner Peace - A New Approach,32.09,https://www.amazon.com/Gift-Harmony-Stress-Conflict-Approach/dp/1481887858/ref=sr_1_20?keywords=sucsess&qid=1671546982&rnid=2941120011&s=grocery&sr=1-20
B09SBZC5VM,The Secrets of Life: Do not allow yourself to be seduced,0.00,https://www.amazon.com/Secrets-Life-allow-yourself-seduced-ebook/dp/B09SBZC5VM/ref=sr_1_21?keywords=sucsess&qid=1671546982&rnid=2941120011&s=grocery&sr=1-21
B00SFNIYLG,The big secrets of kabbalah & Money (The secrets Book 1),0.00,https://www.amazon.com/big-secrets-kabbalah-Money-Book-ebook/dp/B00SFNIYLG/ref=sr_1_22?keywords=sucsess&qid=1671546982&rnid=2941120011&s=grocery&sr=1-22
1977253598,Child of War: A Memoir of World War Two and the Cold War,29.58,https://www.amazon.com/Child-War-Memoir-World-Cold/dp/1977253598/ref=sr_1_23?keywords=sucsess&qid=1671546982&rnid=2941120011&s=grocery&sr=1-23
1735402001,30 Day Leadership Playbook: Your Guide To Becoming The Leader You Have Always Wanted To Be,,https://www.amazon.com/30-Day-Leadership-Playbook-Becoming/dp/1735402001/ref=sr_1_24?keywords=sucsess&qid=1671546982&rnid=2941120011&s=grocery&sr=1-24
B006F8JEPI,Blueprint for Sucsess,,https://www.amazon.com/Blueprint-Sucsess-Millard-Bennet-Corrigan/dp/B006F8JEPI/ref=sr_1_1?keywords=sucsess&qid=1671547150&rnid=2941120011&s=grocery&sr=1-1
0306924633,"The Compound Effect (10th Anniversary Edition): Jumpstart Your Income, Your Life, Your Success",,https://www.amazon.com/Compound-Effect-Jumpstart-Income-Success/dp/0306924633/ref=sr_1_2?keywords=sucsess&qid=1671547150&rnid=2941120011&s=grocery&sr=1-2
B0BK5KG4J1,Sex Chodo Sucsess Ke Pichhe Bhago (Bhojpuri),,https://www.amazon.com/dp/B0BK5KG4J1/ref=sr_1_3?keywords=sucsess&marketplaceId=ATVPDKIKX0DER&musicTerritory=US&qid=1671547150&rnid=2941120011&s=grocery&sr=1-3&trackAsin=B0BK5KG4J1
B079S5P8V7,NURSING COMPETITION SUCSESS,16.19,https://www.amazon.com/NURSING-COMPETITION-SUCSESS-MISHRA-ISHAGUPTA-ebook/dp/B079S5P8V7/ref=sr_1_4?keywords=sucsess&qid=1671547150&rnid=2941120011&s=grocery&sr=1-4
B0BK5M12VK,Sex Chodo Sucsess Ke Pichhe Bhago (Bhojpuri),,https://www.amazon.com/dp/B0BK5M12VK/ref=sr_1_5?keywords=sucsess&qid=1671547150&rnid=2941120011&s=grocery&sr=1-5
B00TPL8DEA,American Girl: Grace Stirs Up Success [Blu-ray],,https://www.amazon.com/American-Girl-Grace-Success-Blu-ray/dp/B00TPL8DEA/ref=sr_1_6?keywords=sucsess&qid=1671547150&rnid=2941120011&s=grocery&sr=1-6
B09HFBTBTF,Sucsess,,https://www.amazon.com/dp/B09HFBTBTF/ref=sr_1_7?keywords=sucsess&marketplaceId=ATVPDKIKX0DER&musicTerritory=US&qid=1671547150&rnid=2941120011&s=grocery&sr=1-7&trackAsin=B09HFBTBTF
B082MT3MPM,RIGHT FINANCIAL MINDSET FOR SUSTAINABLE SUCSESS AND WEALTH: GET RICH WITH FRUGALISM LIFESTYLE AND SAVING MONEY,0.00,https://www.amazon.com/FINANCIAL-MINDSET-SUSTAINABLE-SUCSESS-WEALTH-ebook/dp/B082MT3MPM/ref=sr_1_8?keywords=sucsess&qid=1671547150&rnid=2941120011&s=grocery&sr=1-8
B0BCP819GK,SUCSESS [Explicit],,https://www.amazon.com/dp/B0BCP819GK/ref=sr_1_9?keywords=sucsess&marketplaceId=ATVPDKIKX0DER&musicTerritory=US&qid=1671547150&rnid=2941120011&s=grocery&sr=1-9&trackAsin=B0BCP819GK
B00OH75MIM,The Psychology of Success: Ten Universal Principles for Personal Empowerment,0.00,https://www.amazon.com/The-Psychology-of-Success-audiobook/dp/B00OH75MIM/ref=sr_1_10?keywords=sucsess&qid=1671547150&rnid=2941120011&s=grocery&sr=1-10
B0040UJNRM,Health and Strength Foundation Stones of Sucsess volume IV,,https://www.amazon.com/Health-Strength-Foundation-Stones-Sucsess/dp/B0040UJNRM/ref=sr_1_11?keywords=sucsess&qid=1671547150&rnid=2941120011&s=grocery&sr=1-11
B074Q8TW68,LRG Men's Rc Tt Denim Jean,,https://www.amazon.com/LRG-Mens-Denim-Jean-Black/dp/B074Q8TW68/ref=sr_1_12?keywords=sucsess&qid=1671547150&rnid=2941120011&s=grocery&sr=1-12
B01FJIS00Y,"MCS Trendsetter Poster Frame, Black, 20 x 24 in, Single",,https://www.amazon.com/MCS-Trendsetter-20x24-Poster-65679/dp/B01FJIS00Y/ref=sr_1_13?keywords=sucsess&qid=1671547150&rnid=2941120011&s=grocery&sr=1-13
B07RS57FZ5,Brincando (feat. Sucsess 360),,https://www.amazon.com/dp/B07RS57FZ5/ref=sr_1_14?keywords=sucsess&marketplaceId=ATVPDKIKX0DER&musicTerritory=US&qid=1671547150&rnid=2941120011&s=grocery&sr=1-14&trackAsin=B07RS57FZ5
B07S3WN62L,Way of failure from 02 success: find the way of failure from 02 sucsess,0.00,https://www.amazon.com/Way-failure-02-success-sucsess-ebook/dp/B07S3WN62L/ref=sr_1_15?keywords=sucsess&qid=1671547150&rnid=2941120011&s=grocery&sr=1-15
B014J55JS4,The Secret Of My Success [Blu-ray],,https://www.amazon.com/Secret-My-Success-Blu-ray/dp/B014J55JS4/ref=sr_1_16?keywords=sucsess&qid=1671547150&rnid=2941120011&s=grocery&sr=1-16
B09P6P7HRM,Key 2 Sucsess,,https://www.amazon.com/dp/B09P6P7HRM/ref=sr_1_17?keywords=sucsess&marketplaceId=ATVPDKIKX0DER&musicTerritory=US&qid=1671547150&rnid=2941120011&s=grocery&sr=1-17&trackAsin=B09P6P7HRM
B09RH2QJ3D,Product Success,0.00,https://www.amazon.com/Product-Success-K-R-ebook/dp/B09RH2QJ3D/ref=sr_1_18?keywords=sucsess&qid=1671547150&rnid=2941120011&s=grocery&sr=1-18
B07YJ66Q5T,"10 STEPS TO HAPPINESS, HEALTH AND SUCCESS: A Practical Guide to Personal Fulfillment And Optimum Well-being",0.00,https://www.amazon.com/STEPS-HAPPINESS-HEALTH-SUCCESS-Fulfillment-ebook/dp/B07YJ66Q5T/ref=sr_1_19?keywords=sucsess&qid=1671547150&rnid=2941120011&s=grocery&sr=1-19
1481887858,The Gift of Harmony: From Stress and Conflict to Harmony and Inner Peace - A New Approach,32.09,https://www.amazon.com/Gift-Harmony-Stress-Conflict-Approach/dp/1481887858/ref=sr_1_20?keywords=sucsess&qid=1671547150&rnid=2941120011&s=grocery&sr=1-20
B09SBZC5VM,The Secrets of Life: Do not allow yourself to be seduced,0.00,https://www.amazon.com/Secrets-Life-allow-yourself-seduced-ebook/dp/B09SBZC5VM/ref=sr_1_21?keywords=sucsess&qid=1671547150&rnid=2941120011&s=grocery&sr=1-21
B00SFNIYLG,The big secrets of kabbalah & Money (The secrets Book 1),0.00,https://www.amazon.com/big-secrets-kabbalah-Money-Book-ebook/dp/B00SFNIYLG/ref=sr_1_22?keywords=sucsess&qid=1671547150&rnid=2941120011&s=grocery&sr=1-22
1977253598,Child of War: A Memoir of World War Two and the Cold War,29.58,https://www.amazon.com/Child-War-Memoir-World-Cold/dp/1977253598/ref=sr_1_23?keywords=sucsess&qid=1671547150&rnid=2941120011&s=grocery&sr=1-23
1735402001,30 Day Leadership Playbook: Your Guide To Becoming The Leader You Have Always Wanted To Be,,https://www.amazon.com/30-Day-Leadership-Playbook-Becoming/dp/1735402001/ref=sr_1_24?keywords=sucsess&qid=1671547150&rnid=2941120011&s=grocery&sr=1-24
B006F8JEPI,Blueprint for Sucsess,,https://www.amazon.com/Blueprint-Sucsess-Millard-Bennet-Corrigan/dp/B006F8JEPI/ref=sr_1_1?keywords=sucsess&qid=1671663953&rnid=2941120011&sr=8-1
B006F8JEPI,Blueprint for Sucsess,,https://www.amazon.com/Blueprint-Sucsess-Millard-Bennet-Corrigan/dp/B006F8JEPI/ref=sr_1_1?keywords=sucsess&qid=1671664757&rnid=2941120011&sr=8-1
0306924633,"The Compound Effect (10th Anniversary Edition): Jumpstart Your Income, Your Life, Your Success",14.20,https://www.amazon.com/Compound-Effect-Jumpstart-Income-Success/dp/0306924633/ref=sr_1_2?keywords=sucsess&qid=1671664757&rnid=2941120011&sr=8-2
B01FJIS00Y,"MCS Trendsetter Poster Frame, Black, 20 x 24 in, Single",,https://www.amazon.com/MCS-Trendsetter-20x24-Poster-65679/dp/B01FJIS00Y/ref=sr_1_3?keywords=sucsess&qid=1671664757&rnid=2941120011&sr=8-3
B079S5P8V7,NURSING COMPETITION SUCSESS,16.19,https://www.amazon.com/NURSING-COMPETITION-SUCSESS-MISHRA-ISHAGUPTA-ebook/dp/B079S5P8V7/ref=sr_1_4?keywords=sucsess&qid=1671664757&rnid=2941120011&sr=8-4
B00OH75MIM,The Psychology of Success: Ten Universal Principles for Personal Empowerment,0.00,https://www.amazon.com/The-Psychology-of-Success-audiobook/dp/B00OH75MIM/ref=sr_1_5?keywords=sucsess&qid=1671664757&rnid=2941120011&sr=8-5
B074Q8TW68,LRG Men's Rc Tt Denim Jean,,https://www.amazon.com/LRG-Mens-Denim-Jean-Black/dp/B074Q8TW68/ref=sr_1_6?keywords=sucsess&qid=1671664757&rnid=2941120011&sr=8-6
B0BK5KG4J1,Sex Chodo Sucsess Ke Pichhe Bhago (Bhojpuri),,https://www.amazon.com/dp/B0BK5KG4J1/ref=sr_1_7?keywords=sucsess&marketplaceId=ATVPDKIKX0DER&musicTerritory=US&qid=1671664757&rnid=2941120011&sr=8-7&trackAsin=B0BK5KG4J1
B0040UJNRM,Health and Strength Foundation Stones of Sucsess volume IV,,https://www.amazon.com/Health-Strength-Foundation-Stones-Sucsess/dp/B0040UJNRM/ref=sr_1_8?keywords=sucsess&qid=1671664757&rnid=2941120011&sr=8-8
B00TPL8DEA,American Girl: Grace Stirs Up Success [Blu-ray],,https://www.amazon.com/American-Girl-Grace-Success-Blu-ray/dp/B00TPL8DEA/ref=sr_1_9?keywords=sucsess&qid=1671664757&rnid=2941120011&sr=8-9
B082MT3MPM,RIGHT FINANCIAL MINDSET FOR SUSTAINABLE SUCSESS AND WEALTH: GET RICH WITH FRUGALISM LIFESTYLE AND SAVING MONEY,0.00,https://www.amazon.com/FINANCIAL-MINDSET-SUSTAINABLE-SUCSESS-WEALTH-ebook/dp/B082MT3MPM/ref=sr_1_10?keywords=sucsess&qid=1671664757&rnid=2941120011&sr=8-10
B07S3WN62L,Way of failure from 02 success: find the way of failure from 02 sucsess,0.00,https://www.amazon.com/Way-failure-02-success-sucsess-ebook/dp/B07S3WN62L/ref=sr_1_11?keywords=sucsess&qid=1671664757&rnid=2941120011&sr=8-11
B0BK5M12VK,Sex Chodo Sucsess Ke Pichhe Bhago (Bhojpuri),,https://www.amazon.com/dp/B0BK5M12VK/ref=sr_1_12?keywords=sucsess&qid=1671664757&rnid=2941120011&sr=8-12
B09HFBTBTF,Sucsess,,https://www.amazon.com/dp/B09HFBTBTF/ref=sr_1_13?keywords=sucsess&marketplaceId=ATVPDKIKX0DER&musicTerritory=US&qid=1671664757&rnid=2941120011&sr=8-13&trackAsin=B09HFBTBTF
B0BCP819GK,SUCSESS [Explicit],,https://www.amazon.com/dp/B0BCP819GK/ref=sr_1_14?keywords=sucsess&marketplaceId=ATVPDKIKX0DER&musicTerritory=US&qid=1671664757&rnid=2941120011&sr=8-14&trackAsin=B0BCP819GK
B07RS57FZ5,Brincando (feat. Sucsess 360),,https://www.amazon.com/dp/B07RS57FZ5/ref=sr_1_15?keywords=sucsess&marketplaceId=ATVPDKIKX0DER&musicTerritory=US&qid=1671664757&rnid=2941120011&sr=8-15&trackAsin=B07RS57FZ5
B014J55JS4,The Secret Of My Success [Blu-ray],,https://www.amazon.com/Secret-My-Success-Blu-ray/dp/B014J55JS4/ref=sr_1_16?keywords=sucsess&qid=1671664757&rnid=2941120011&sr=8-16
B09P6P7HRM,Key 2 Sucsess,,https://www.amazon.com/dp/B09P6P7HRM/ref=sr_1_17?keywords=sucsess&marketplaceId=ATVPDKIKX0DER&musicTerritory=US&qid=1671664757&rnid=2941120011&sr=8-17&trackAsin=B09P6P7HRM
1977253598,Child of War: A Memoir of World War Two and the Cold War,29.58,https://www.amazon.com/Child-War-Memoir-World-Cold/dp/1977253598/ref=sr_1_18?keywords=sucsess&qid=1671664757&rnid=2941120011&sr=8-18
1956247998,Change Your M/F Mind: Or Remain Stuck in Your Wage,,https://www.amazon.com/Change-Your-Mind-Remain-Stuck/dp/1956247998/ref=sr_1_19?keywords=sucsess&qid=1671664757&rnid=2941120011&sr=8-19
B07YJ66Q5T,"10 STEPS TO HAPPINESS, HEALTH AND SUCCESS: A Practical Guide to Personal Fulfillment And Optimum Well-being",0.00,https://www.amazon.com/STEPS-HAPPINESS-HEALTH-SUCCESS-Fulfillment-ebook/dp/B07YJ66Q5T/ref=sr_1_20?keywords=sucsess&qid=1671664757&rnid=2941120011&sr=8-20
1481887858,The Gift of Harmony: From Stress and Conflict to Harmony and Inner Peace - A New Approach,32.09,https://www.amazon.com/Gift-Harmony-Stress-Conflict-Approach/dp/1481887858/ref=sr_1_21?keywords=sucsess&qid=1671664757&rnid=2941120011&sr=8-21
B00PP0G28O,Looking Back to See: A Country Music Memoir,7.99,https://www.amazon.com/Looking-Back-See-Country-Memoir-ebook/dp/B00PP0G28O/ref=sr_1_22?keywords=sucsess&qid=1671664757&rnid=2941120011&sr=8-22
1735402001,30 Day Leadership Playbook: Your Guide To Becoming The Leader You Have Always Wanted To Be,,https://www.amazon.com/30-Day-Leadership-Playbook-Becoming/dp/1735402001/ref=sr_1_23?keywords=sucsess&qid=1671664757&rnid=2941120011&sr=8-23
B096TL8ZWF,Military Career Progression Tracker: Military,,https://www.amazon.com/Military-Career-Progression-Tracker/dp/B096TL8ZWF/ref=sr_1_24?keywords=sucsess&qid=1671664757&rnid=2941120011&sr=8-24
B08HGPPRXS,METHOD SGM-AM THE RECYCLE: A deep meditation method for everyone who is in search of the meaning of life,,https://www.amazon.com/METHOD-SGM-AM-RECYCLE-meditation-everyone/dp/B08HGPPRXS/ref=sr_1_25?keywords=sucsess&qid=1671664757&rnid=2941120011&sr=8-25
B09RH2QJ3D,Product Success,0.00,https://www.amazon.com/Product-Success-K-R-ebook/dp/B09RH2QJ3D/ref=sr_1_26?keywords=sucsess&qid=1671664757&rnid=2941120011&sr=8-26
B09SBZC5VM,The Secrets of Life: Do not allow yourself to be seduced,0.00,https://www.amazon.com/Secrets-Life-allow-yourself-seduced-ebook/dp/B09SBZC5VM/ref=sr_1_27?keywords=sucsess&qid=1671664757&rnid=2941120011&sr=8-27
B09244W687,"Feathers In A Colorful Way Notebook: Lined College Ruled Paper, Matte Finish Cover, Journal, Diary, Planner, 6x9 120 Pages",,https://www.amazon.com/Feathers-Colorful-Way-Notebook-College/dp/B09244W687/ref=sr_1_28?keywords=sucsess&qid=1671664757&rnid=2941120011&sr=8-28
B08R8XFCMT,Every Day Is A Fresh Start: Positive Thinking Gifts - Lined Notebook Better Than A Greeting Card,,https://www.amazon.com/Every-Day-Fresh-Start-Positive/dp/B08R8XFCMT/ref=sr_1_29?keywords=sucsess&qid=1671664757&rnid=2941120011&sr=8-29
B08GRKFQ8D,Planner 2020: Your pathway to sucsess,,https://www.amazon.com/Planner-2020-Your-pathway-sucsess/dp/B08GRKFQ8D/ref=sr_1_30?keywords=sucsess&qid=1671664757&rnid=2941120011&sr=8-30
165485364X,i own my self a lot lined notebook: 2020 new year full of sucsess,,https://www.amazon.com/own-self-lot-lined-notebook/dp/165485364X/ref=sr_1_31?keywords=sucsess&qid=1671664757&rnid=2941120011&sr=8-31
B01NBWSDXP,The lost salesman: the missing skill for success in sales and life,9.99,https://www.amazon.com/lost-salesman-missing-skill-success-ebook/dp/B01NBWSDXP/ref=sr_1_32?keywords=sucsess&qid=1671664757&rnid=2941120011&sr=8-32
B00SFNIYLG,The big secrets of kabbalah & Money (The secrets Book 1),0.00,https://www.amazon.com/big-secrets-kabbalah-Money-Book-ebook/dp/B00SFNIYLG/ref=sr_1_33?keywords=sucsess&qid=1671664757&rnid=2941120011&sr=8-33
B0B8KT7MXS,Fuel Your Future : Achieve Meaningful Goals To Your Every Success,7.99,https://www.amazon.com/Fuel-Your-Future-Achieve-Meaningful-ebook/dp/B0B8KT7MXS/ref=sr_1_34?keywords=sucsess&qid=1671664757&rnid=2941120011&sr=8-34
B0B53WYSRN,Rolę of morа́l principlęs in businęss dęcision mа́king: Your Roadmap To Building AMulti-Millon Dollar Business and living free,0.00,https://www.amazon.com/mor%D0%B0%CC%81l-principl%C4%99s-busin%C4%99ss-d%C4%99cision-m%D0%B0%CC%81king-ebook/dp/B0B53WYSRN/ref=sr_1_35?keywords=sucsess&qid=1671664757&rnid=2941120011&sr=8-35
B00HS6MQ56,The Reprogramming: Detox Your Mind's Negativity and Create the Life you Want,25.00,https://www.amazon.com/Reprogramming-Detox-Minds-Negativity-Create-ebook/dp/B00HS6MQ56/ref=sr_1_36?keywords=sucsess&qid=1671664757&rnid=2941120011&sr=8-36
B00X6NBG10,The Art of Human Communication,0.00,https://www.amazon.com/Art-Human-Communication-David-Johann-ebook/dp/B00X6NBG10/ref=sr_1_37?keywords=sucsess&qid=1671664757&rnid=2941120011&sr=8-37
B07W9HFN64,Business Vijayareethikal | Dr.P.P.Vijayan | The Ultimate Wealth Pack Book 11 (Malayalam Edition),16.74,https://www.amazon.com/Business-Vijayareethikal-Dr-P-P-Vijayan-Ultimate-Malayalam-ebook/dp/B07W9HFN64/ref=sr_1_38?keywords=sucsess&qid=1671664757&rnid=2941120011&sr=8-38
B00B5NPH4A,Ambition's Blueprint,0.99,https://www.amazon.com/Ambitions-Blueprint-Brian-Hart-ebook/dp/B00B5NPH4A/ref=sr_1_39?keywords=sucsess&qid=1671664757&rnid=2941120011&sr=8-39
B0B2CZLCGF,THE WAY TO SUCCESS,0.00,https://www.amazon.com/WAY-SUCCESS-JOY-KINSMAN-ebook/dp/B0B2CZLCGF/ref=sr_1_40?keywords=sucsess&qid=1671664757&rnid=2941120011&sr=8-40
B07BDG6G88,TOP 100 QUOTES ON SUCCESS,0.00,https://www.amazon.com/TOP-100-QUOTES-SUCCESS-Elliot-Smith-ebook/dp/B07BDG6G88/ref=sr_1_41?keywords=sucsess&qid=1671664757&rnid=2941120011&sr=8-41
B09JWVHGVL,Overcoming Procrastination In 5 Simple Steps,2.99,https://www.amazon.com/Overcoming-Procrastination-5-Simple-Steps-ebook/dp/B09JWVHGVL/ref=sr_1_42?keywords=sucsess&qid=1671664757&rnid=2941120011&sr=8-42
B081QZNCX2,The Social Media Guide: The secrets of social success for small businesses,2.99,https://www.amazon.com/Social-Media-Guide-secrets-businesses-ebook/dp/B081QZNCX2/ref=sr_1_43?keywords=sucsess&qid=1671664757&rnid=2941120011&sr=8-43
B01N6G7FF8,"The Law Of Attraction: Live An Abundant Life, Reach Your Goals,Accomplish Anything In Life",0.00,https://www.amazon.com/Law-Attraction-Abundant-Accomplish-Anything-ebook/dp/B01N6G7FF8/ref=sr_1_44?keywords=sucsess&qid=1671664757&rnid=2941120011&sr=8-44
B08XMVKXPD,"The Ultimate Practices For A Happy & Sustainable Life: How To Shift Your Thinking & Begin Living ,Through Managing Your Goals, Priorities, Self Discipline, Independence & Confidence",3.99,https://www.amazon.com/Ultimate-Practices-Happy-Sustainable-Life-ebook/dp/B08XMVKXPD/ref=sr_1_45?keywords=sucsess&qid=1671664757&rnid=2941120011&sr=8-45
B08HY1KPR9,Secret of Success: How to become perfect in everything,0.00,https://www.amazon.com/Secret-Success-become-perfect-everything-ebook/dp/B08HY1KPR9/ref=sr_1_46?keywords=sucsess&qid=1671664757&rnid=2941120011&sr=8-46
B083RW7322,Law Of Attraction and How To Raise Successful People: Create your dream life,5.85,https://www.amazon.com/Law-Attraction-Raise-Successful-People-ebook/dp/B083RW7322/ref=sr_1_47?keywords=sucsess&qid=1671664757&rnid=2941120011&sr=8-47
B08FSR5RQ7,Building Dreams,0.00,https://www.amazon.com/Building-Dreams-Richard-Dyozinski-ebook/dp/B08FSR5RQ7/ref=sr_1_48?keywords=sucsess&qid=1671664757&rnid=2941120011&sr=8-48
B015HK92YM,"College Prep Guidebook: How to Ace High School, Excel on the SAT and ACT, and Win Admission to the College of Your Choice",0.00,https://www.amazon.com/College-Prep-Guidebook-School-Admission-ebook/dp/B015HK92YM/ref=sr_1_49?keywords=sucsess&qid=1671664811&rnid=2941120011&sr=8-49
B09S1ZMM31,Transform Yourself: Becoming The Best Version Of Yourself,13.83,https://www.amazon.com/Transform-Yourself-Becoming-Best-Version/dp/B09S1ZMM31/ref=sr_1_50?keywords=sucsess&qid=1671664811&rnid=2941120011&sr=8-50
B0B1DBC5SL,Feeling Is the Secret,0.39,https://www.amazon.com/Feeling-Secret-Neville-Goddard-ebook/dp/B0B1DBC5SL/ref=sr_1_51?keywords=sucsess&qid=1671664811&rnid=2941120011&sr=8-51
B09CF9SZF5,Pickleball Logbook: Pickleball Workout Journal and Training Log and Diary. 100 Pages with NEW Tempplate Perfect Size 6x9 Inches,,https://www.amazon.com/Pickleball-Logbook-Workout-Training-Tempplate/dp/B09CF9SZF5/ref=sr_1_52?keywords=sucsess&qid=1671664811&rnid=2941120011&sr=8-52
B09BJXQB7V,Pickleball Logbook: Pickleball Workout Journal and Training Log and Diary. 100 Pages with NEW Tempplate Perfect Size 6x9 Inches,,https://www.amazon.com/Pickleball-Logbook-Workout-Training-Tempplate/dp/B09BJXQB7V/ref=sr_1_53?keywords=sucsess&qid=1671664811&rnid=2941120011&sr=8-53
B09BJTDN37,Pickleball Logbook: Pickleball Workout Journal and Training Log and Diary. 100 Pages with NEW Tempplate Perfect Size 6x9 Inches,,https://www.amazon.com/Pickleball-Logbook-Workout-Training-Tempplate/dp/B09BJTDN37/ref=sr_1_54?keywords=sucsess&qid=1671664811&rnid=2941120011&sr=8-54
B09BGM1Q44,Pickleball Logbook: Pickleball Workout Journal and Training Log and Diary. 100 Pages with NEW Tempplate Perfect Size 6x9 Inches,,https://www.amazon.com/Pickleball-Logbook-Workout-Training-Tempplate/dp/B09BGM1Q44/ref=sr_1_55?keywords=sucsess&qid=1671664811&rnid=2941120011&sr=8-55
B089TWSCTR,Notebook my moments of my life: 6 x 9 inch 120 page Notebook love moments for all the special moments,,https://www.amazon.com/Notebook-moments-life-inch-special/dp/B089TWSCTR/ref=sr_1_56?keywords=sucsess&qid=1671664811&rnid=2941120011&sr=8-56
B09P7SSTLG,"'My steps for my 1first million dollars: 6.9 INCH / 110 pages , My steps for my 1first million dollars sketchbook",,https://www.amazon.com/steps-1first-million-dollars-sketchbook/dp/B09P7SSTLG/ref=sr_1_57?keywords=sucsess&qid=1671664811&rnid=2941120011&sr=8-57
B006F8JEPI,Blueprint for Sucsess,,https://www.amazon.com/Blueprint-Sucsess-Millard-Bennet-Corrigan/dp/B006F8JEPI/ref=sr_1_1?keywords=sucsess&qid=1671665836&rnid=2941120011&sr=8-1
0306924633,"The Compound Effect (10th Anniversary Edition): Jumpstart Your Income, Your Life, Your Success",14.20,https://www.amazon.com/Compound-Effect-Jumpstart-Income-Success/dp/0306924633/ref=sr_1_2?keywords=sucsess&qid=1671665836&rnid=2941120011&sr=8-2
B01FJIS00Y,"MCS Trendsetter Poster Frame, Black, 20 x 24 in, Single",,https://www.amazon.com/MCS-Trendsetter-20x24-Poster-65679/dp/B01FJIS00Y/ref=sr_1_3?keywords=sucsess&qid=1671665836&rnid=2941120011&sr=8-3
B079S5P8V7,NURSING COMPETITION SUCSESS,16.19,https://www.amazon.com/NURSING-COMPETITION-SUCSESS-MISHRA-ISHAGUPTA-ebook/dp/B079S5P8V7/ref=sr_1_4?keywords=sucsess&qid=1671665836&rnid=2941120011&sr=8-4
B00OH75MIM,The Psychology of Success: Ten Universal Principles for Personal Empowerment,0.00,https://www.amazon.com/The-Psychology-of-Success-audiobook/dp/B00OH75MIM/ref=sr_1_5?keywords=sucsess&qid=1671665836&rnid=2941120011&sr=8-5
B074Q8TW68,LRG Men's Rc Tt Denim Jean,,https://www.amazon.com/LRG-Mens-Denim-Jean-Black/dp/B074Q8TW68/ref=sr_1_6?keywords=sucsess&qid=1671665836&rnid=2941120011&sr=8-6
B0BK5KG4J1,Sex Chodo Sucsess Ke Pichhe Bhago (Bhojpuri),,https://www.amazon.com/dp/B0BK5KG4J1/ref=sr_1_7?keywords=sucsess&marketplaceId=ATVPDKIKX0DER&musicTerritory=US&qid=1671665836&rnid=2941120011&sr=8-7&trackAsin=B0BK5KG4J1
B0040UJNRM,Health and Strength Foundation Stones of Sucsess volume IV,,https://www.amazon.com/Health-Strength-Foundation-Stones-Sucsess/dp/B0040UJNRM/ref=sr_1_8?keywords=sucsess&qid=1671665836&rnid=2941120011&sr=8-8
B00TPL8DEA,American Girl: Grace Stirs Up Success [Blu-ray],,https://www.amazon.com/American-Girl-Grace-Success-Blu-ray/dp/B00TPL8DEA/ref=sr_1_9?keywords=sucsess&qid=1671665836&rnid=2941120011&sr=8-9
B082MT3MPM,RIGHT FINANCIAL MINDSET FOR SUSTAINABLE SUCSESS AND WEALTH: GET RICH WITH FRUGALISM LIFESTYLE AND SAVING MONEY,0.00,https://www.amazon.com/FINANCIAL-MINDSET-SUSTAINABLE-SUCSESS-WEALTH-ebook/dp/B082MT3MPM/ref=sr_1_10?keywords=sucsess&qid=1671665836&rnid=2941120011&sr=8-10
B07S3WN62L,Way of failure from 02 success: find the way of failure from 02 sucsess,0.00,https://www.amazon.com/Way-failure-02-success-sucsess-ebook/dp/B07S3WN62L/ref=sr_1_11?keywords=sucsess&qid=1671665836&rnid=2941120011&sr=8-11
B0BK5M12VK,Sex Chodo Sucsess Ke Pichhe Bhago (Bhojpuri),,https://www.amazon.com/dp/B0BK5M12VK/ref=sr_1_12?keywords=sucsess&qid=1671665836&rnid=2941120011&sr=8-12
B09HFBTBTF,Sucsess,,https://www.amazon.com/dp/B09HFBTBTF/ref=sr_1_13?keywords=sucsess&marketplaceId=ATVPDKIKX0DER&musicTerritory=US&qid=1671665836&rnid=2941120011&sr=8-13&trackAsin=B09HFBTBTF
B0BCP819GK,SUCSESS [Explicit],,https://www.amazon.com/dp/B0BCP819GK/ref=sr_1_14?keywords=sucsess&marketplaceId=ATVPDKIKX0DER&musicTerritory=US&qid=1671665836&rnid=2941120011&sr=8-14&trackAsin=B0BCP819GK
B07RS57FZ5,Brincando (feat. Sucsess 360),,https://www.amazon.com/dp/B07RS57FZ5/ref=sr_1_15?keywords=sucsess&marketplaceId=ATVPDKIKX0DER&musicTerritory=US&qid=1671665836&rnid=2941120011&sr=8-15&trackAsin=B07RS57FZ5
B014J55JS4,The Secret Of My Success [Blu-ray],,https://www.amazon.com/Secret-My-Success-Blu-ray/dp/B014J55JS4/ref=sr_1_16?keywords=sucsess&qid=1671665836&rnid=2941120011&sr=8-16
B09P6P7HRM,Key 2 Sucsess,,https://www.amazon.com/dp/B09P6P7HRM/ref=sr_1_17?keywords=sucsess&marketplaceId=ATVPDKIKX0DER&musicTerritory=US&qid=1671665836&rnid=2941120011&sr=8-17&trackAsin=B09P6P7HRM
1977253598,Child of War: A Memoir of World War Two and the Cold War,29.58,https://www.amazon.com/Child-War-Memoir-World-Cold/dp/1977253598/ref=sr_1_18?keywords=sucsess&qid=1671665836&rnid=2941120011&sr=8-18
1956247998,Change Your M/F Mind: Or Remain Stuck in Your Wage,,https://www.amazon.com/Change-Your-Mind-Remain-Stuck/dp/1956247998/ref=sr_1_19?keywords=sucsess&qid=1671665836&rnid=2941120011&sr=8-19
B07YJ66Q5T,"10 STEPS TO HAPPINESS, HEALTH AND SUCCESS: A Practical Guide to Personal Fulfillment And Optimum Well-being",0.00,https://www.amazon.com/STEPS-HAPPINESS-HEALTH-SUCCESS-Fulfillment-ebook/dp/B07YJ66Q5T/ref=sr_1_20?keywords=sucsess&qid=1671665836&rnid=2941120011&sr=8-20
1481887858,The Gift of Harmony: From Stress and Conflict to Harmony and Inner Peace - A New Approach,32.09,https://www.amazon.com/Gift-Harmony-Stress-Conflict-Approach/dp/1481887858/ref=sr_1_21?keywords=sucsess&qid=1671665836&rnid=2941120011&sr=8-21
B00PP0G28O,Looking Back to See: A Country Music Memoir,7.99,https://www.amazon.com/Looking-Back-See-Country-Memoir-ebook/dp/B00PP0G28O/ref=sr_1_22?keywords=sucsess&qid=1671665836&rnid=2941120011&sr=8-22
1735402001,30 Day Leadership Playbook: Your Guide To Becoming The Leader You Have Always Wanted To Be,,https://www.amazon.com/30-Day-Leadership-Playbook-Becoming/dp/1735402001/ref=sr_1_23?keywords=sucsess&qid=1671665836&rnid=2941120011&sr=8-23
B096TL8ZWF,Military Career Progression Tracker: Military,,https://www.amazon.com/Military-Career-Progression-Tracker/dp/B096TL8ZWF/ref=sr_1_24?keywords=sucsess&qid=1671665836&rnid=2941120011&sr=8-24
B08HGPPRXS,METHOD SGM-AM THE RECYCLE: A deep meditation method for everyone who is in search of the meaning of life,,https://www.amazon.com/METHOD-SGM-AM-RECYCLE-meditation-everyone/dp/B08HGPPRXS/ref=sr_1_25?keywords=sucsess&qid=1671665836&rnid=2941120011&sr=8-25
B09RH2QJ3D,Product Success,0.00,https://www.amazon.com/Product-Success-K-R-ebook/dp/B09RH2QJ3D/ref=sr_1_26?keywords=sucsess&qid=1671665836&rnid=2941120011&sr=8-26
B09SBZC5VM,The Secrets of Life: Do not allow yourself to be seduced,0.00,https://www.amazon.com/Secrets-Life-allow-yourself-seduced-ebook/dp/B09SBZC5VM/ref=sr_1_27?keywords=sucsess&qid=1671665836&rnid=2941120011&sr=8-27
B09244W687,"Feathers In A Colorful Way Notebook: Lined College Ruled Paper, Matte Finish Cover, Journal, Diary, Planner, 6x9 120 Pages",,https://www.amazon.com/Feathers-Colorful-Way-Notebook-College/dp/B09244W687/ref=sr_1_28?keywords=sucsess&qid=1671665836&rnid=2941120011&sr=8-28
B08R8XFCMT,Every Day Is A Fresh Start: Positive Thinking Gifts - Lined Notebook Better Than A Greeting Card,,https://www.amazon.com/Every-Day-Fresh-Start-Positive/dp/B08R8XFCMT/ref=sr_1_29?keywords=sucsess&qid=1671665836&rnid=2941120011&sr=8-29
B08GRKFQ8D,Planner 2020: Your pathway to sucsess,,https://www.amazon.com/Planner-2020-Your-pathway-sucsess/dp/B08GRKFQ8D/ref=sr_1_30?keywords=sucsess&qid=1671665836&rnid=2941120011&sr=8-30
165485364X,i own my self a lot lined notebook: 2020 new year full of sucsess,,https://www.amazon.com/own-self-lot-lined-notebook/dp/165485364X/ref=sr_1_31?keywords=sucsess&qid=1671665836&rnid=2941120011&sr=8-31
B01NBWSDXP,The lost salesman: the missing skill for success in sales and life,9.99,https://www.amazon.com/lost-salesman-missing-skill-success-ebook/dp/B01NBWSDXP/ref=sr_1_32?keywords=sucsess&qid=1671665836&rnid=2941120011&sr=8-32
B00SFNIYLG,The big secrets of kabbalah & Money (The secrets Book 1),0.00,https://www.amazon.com/big-secrets-kabbalah-Money-Book-ebook/dp/B00SFNIYLG/ref=sr_1_33?keywords=sucsess&qid=1671665836&rnid=2941120011&sr=8-33
B0B8KT7MXS,Fuel Your Future : Achieve Meaningful Goals To Your Every Success,7.99,https://www.amazon.com/Fuel-Your-Future-Achieve-Meaningful-ebook/dp/B0B8KT7MXS/ref=sr_1_34?keywords=sucsess&qid=1671665836&rnid=2941120011&sr=8-34
B0B53WYSRN,Rolę of morа́l principlęs in businęss dęcision mа́king: Your Roadmap To Building AMulti-Millon Dollar Business and living free,0.00,https://www.amazon.com/mor%D0%B0%CC%81l-principl%C4%99s-busin%C4%99ss-d%C4%99cision-m%D0%B0%CC%81king-ebook/dp/B0B53WYSRN/ref=sr_1_35?keywords=sucsess&qid=1671665836&rnid=2941120011&sr=8-35
B00HS6MQ56,The Reprogramming: Detox Your Mind's Negativity and Create the Life you Want,25.00,https://www.amazon.com/Reprogramming-Detox-Minds-Negativity-Create-ebook/dp/B00HS6MQ56/ref=sr_1_36?keywords=sucsess&qid=1671665836&rnid=2941120011&sr=8-36
B00X6NBG10,The Art of Human Communication,0.00,https://www.amazon.com/Art-Human-Communication-David-Johann-ebook/dp/B00X6NBG10/ref=sr_1_37?keywords=sucsess&qid=1671665836&rnid=2941120011&sr=8-37
B07W9HFN64,Business Vijayareethikal | Dr.P.P.Vijayan | The Ultimate Wealth Pack Book 11 (Malayalam Edition),16.74,https://www.amazon.com/Business-Vijayareethikal-Dr-P-P-Vijayan-Ultimate-Malayalam-ebook/dp/B07W9HFN64/ref=sr_1_38?keywords=sucsess&qid=1671665836&rnid=2941120011&sr=8-38
B00B5NPH4A,Ambition's Blueprint,0.99,https://www.amazon.com/Ambitions-Blueprint-Brian-Hart-ebook/dp/B00B5NPH4A/ref=sr_1_39?keywords=sucsess&qid=1671665836&rnid=2941120011&sr=8-39
B0B2CZLCGF,THE WAY TO SUCCESS,0.00,https://www.amazon.com/WAY-SUCCESS-JOY-KINSMAN-ebook/dp/B0B2CZLCGF/ref=sr_1_40?keywords=sucsess&qid=1671665836&rnid=2941120011&sr=8-40
B07BDG6G88,TOP 100 QUOTES ON SUCCESS,0.00,https://www.amazon.com/TOP-100-QUOTES-SUCCESS-Elliot-Smith-ebook/dp/B07BDG6G88/ref=sr_1_41?keywords=sucsess&qid=1671665836&rnid=2941120011&sr=8-41
B09JWVHGVL,Overcoming Procrastination In 5 Simple Steps,2.99,https://www.amazon.com/Overcoming-Procrastination-5-Simple-Steps-ebook/dp/B09JWVHGVL/ref=sr_1_42?keywords=sucsess&qid=1671665836&rnid=2941120011&sr=8-42
B081QZNCX2,The Social Media Guide: The secrets of social success for small businesses,2.99,https://www.amazon.com/Social-Media-Guide-secrets-businesses-ebook/dp/B081QZNCX2/ref=sr_1_43?keywords=sucsess&qid=1671665836&rnid=2941120011&sr=8-43
B01N6G7FF8,"The Law Of Attraction: Live An Abundant Life, Reach Your Goals,Accomplish Anything In Life",0.00,https://www.amazon.com/Law-Attraction-Abundant-Accomplish-Anything-ebook/dp/B01N6G7FF8/ref=sr_1_44?keywords=sucsess&qid=1671665836&rnid=2941120011&sr=8-44
B08XMVKXPD,"The Ultimate Practices For A Happy & Sustainable Life: How To Shift Your Thinking & Begin Living ,Through Managing Your Goals, Priorities, Self Discipline, Independence & Confidence",3.99,https://www.amazon.com/Ultimate-Practices-Happy-Sustainable-Life-ebook/dp/B08XMVKXPD/ref=sr_1_45?keywords=sucsess&qid=1671665836&rnid=2941120011&sr=8-45
B08HY1KPR9,Secret of Success: How to become perfect in everything,0.00,https://www.amazon.com/Secret-Success-become-perfect-everything-ebook/dp/B08HY1KPR9/ref=sr_1_46?keywords=sucsess&qid=1671665836&rnid=2941120011&sr=8-46
B083RW7322,Law Of Attraction and How To Raise Successful People: Create your dream life,5.85,https://www.amazon.com/Law-Attraction-Raise-Successful-People-ebook/dp/B083RW7322/ref=sr_1_47?keywords=sucsess&qid=1671665836&rnid=2941120011&sr=8-47
B08FSR5RQ7,Building Dreams,0.00,https://www.amazon.com/Building-Dreams-Richard-Dyozinski-ebook/dp/B08FSR5RQ7/ref=sr_1_48?keywords=sucsess&qid=1671665836&rnid=2941120011&sr=8-48
B015HK92YM,"College Prep Guidebook: How to Ace High School, Excel on the SAT and ACT, and Win Admission to the College of Your Choice",0.00,https://www.amazon.com/College-Prep-Guidebook-School-Admission-ebook/dp/B015HK92YM/ref=sr_1_49?keywords=sucsess&qid=1671665897&rnid=2941120011&sr=8-49
B09S1ZMM31,Transform Yourself: Becoming The Best Version Of Yourself,13.83,https://www.amazon.com/Transform-Yourself-Becoming-Best-Version/dp/B09S1ZMM31/ref=sr_1_50?keywords=sucsess&qid=1671665897&rnid=2941120011&sr=8-50
B0B1DBC5SL,Feeling Is the Secret,0.39,https://www.amazon.com/Feeling-Secret-Neville-Goddard-ebook/dp/B0B1DBC5SL/ref=sr_1_51?keywords=sucsess&qid=1671665897&rnid=2941120011&sr=8-51
B09CF9SZF5,Pickleball Logbook: Pickleball Workout Journal and Training Log and Diary. 100 Pages with NEW Tempplate Perfect Size 6x9 Inches,,https://www.amazon.com/Pickleball-Logbook-Workout-Training-Tempplate/dp/B09CF9SZF5/ref=sr_1_52?keywords=sucsess&qid=1671665897&rnid=2941120011&sr=8-52
B09BJXQB7V,Pickleball Logbook: Pickleball Workout Journal and Training Log and Diary. 100 Pages with NEW Tempplate Perfect Size 6x9 Inches,,https://www.amazon.com/Pickleball-Logbook-Workout-Training-Tempplate/dp/B09BJXQB7V/ref=sr_1_53?keywords=sucsess&qid=1671665897&rnid=2941120011&sr=8-53
B09BJTDN37,Pickleball Logbook: Pickleball Workout Journal and Training Log and Diary. 100 Pages with NEW Tempplate Perfect Size 6x9 Inches,,https://www.amazon.com/Pickleball-Logbook-Workout-Training-Tempplate/dp/B09BJTDN37/ref=sr_1_54?keywords=sucsess&qid=1671665897&rnid=2941120011&sr=8-54
B09BGM1Q44,Pickleball Logbook: Pickleball Workout Journal and Training Log and Diary. 100 Pages with NEW Tempplate Perfect Size 6x9 Inches,,https://www.amazon.com/Pickleball-Logbook-Workout-Training-Tempplate/dp/B09BGM1Q44/ref=sr_1_55?keywords=sucsess&qid=1671665897&rnid=2941120011&sr=8-55
B089TWSCTR,Notebook my moments of my life: 6 x 9 inch 120 page Notebook love moments for all the special moments,,https://www.amazon.com/Notebook-moments-life-inch-special/dp/B089TWSCTR/ref=sr_1_56?keywords=sucsess&qid=1671665897&rnid=2941120011&sr=8-56
B09P7SSTLG,"'My steps for my 1first million dollars: 6.9 INCH / 110 pages , My steps for my 1first million dollars sketchbook",,https://www.amazon.com/steps-1first-million-dollars-sketchbook/dp/B09P7SSTLG/ref=sr_1_57?keywords=sucsess&qid=1671665897&rnid=2941120011&sr=8-57
